Date,Time,Store,Location,Magazine,Magazine_Location,Week,Year,Product,Brand,Description,Quantity,Unit,Price,Currency,URL,OCR_Confidence,Language,Notes,Image_Path
2026-03-23,16:28:02,Auchan,Paris,auchan_fr,Paris,13,2026,lait,mdd,"entier",1.00,L,1.13,EUR,none,,fr,"","C:\Users\emman\p_Claude\capstone\datacollection\Auchan\lait entier_1.00L\2026-03-23_16-27-48-749.png"
2026-03-23,17:30:56,Auchan,Paris,auchan_fr,Paris,13,2026,lait,lactel,"entier; bouteille",1.00,L,2.29,EUR,none,,fr,"","C:\Users\emman\p_Claude\capstone\datacollection\Auchan\lait entier_1.00L\2026-03-23_17-30-48-296.png"
2026-03-23,20:21:22,Auchan,Paris,auchan_fr,Paris,13,2026,yaourt,mdd,"nature 8x 125mg plaquette; pot ",1.00,kg,1.50,EUR,none,,fr,"","C:\Users\emman\p_Claude\capstone\datacollection\Auchan\yaourt_1.00kg\2026-03-23_20-20-55-494.png"
2026-03-23,20:26:46,Auchan,Paris,auchan_fr,Paris,13,2026,yaourt,mdd,"grec nature; boite",1.00,kg,4.95,EUR,none,,fr,"","C:\Users\emman\p_Claude\capstone\datacollection\Auchan\yaourt_1.00kg\2026-03-23_20-26-42-505.png"
2026-03-23,20:43:56,Auchan,Paris,auchan_fr,Paris,13,2026,creme,president,"fraiche 30% epaisse; boite",450.00,g,2.30,EUR,none,,fr,"","C:\Users\emman\p_Claude\capstone\datacollection\Auchan\creme_450.00g\2026-03-23_20-43-34-343.png"
2026-03-23,21:04:25,Auchan,Paris,auchan_fr,Paris,13,2026,creme,mdd,"entiere 30% epaisse; boite",50.00,cl,2.04,EUR,none,,fr,"","C:\Users\emman\p_Claude\capstone\datacollection\Auchan\creme_50.00cl\2026-03-23_21-04-14-321.png"
2026-03-23,21:07:53,Auchan,Paris,auchan_fr,Paris,13,2026,fromage,mdd,"emmental rape maxi; sachet",500.00,g,4.69,EUR,none,,fr,"","C:\Users\emman\p_Claude\capstone\datacollection\Auchan\fromage_500.00g\2026-03-23_21-07-47-785.png"
2026-03-23,21:09:10,Auchan,Paris,auchan_fr,Paris,13,2026,fromage,president,"emmental rape fondant; sachet",200.00,g,2.13,EUR,none,,fr,"","C:\Users\emman\p_Claude\capstone\datacollection\Auchan\fromage_200.00g\2026-03-23_21-09-03-889.png"
2026-03-23,21:15:25,Auchan,Paris,auchan_fr,Paris,13,2026,fromage,mdd,"camembert; boite",250.00,g,1.75,EUR,none,,fr,"","C:\Users\emman\p_Claude\capstone\datacollection\Auchan\fromage_250.00g\2026-03-23_21-15-15-527.png"
2026-03-23,21:18:06,Auchan,Paris,auchan_fr,Paris,13,2026,fromage,president,"camembert; boite",250.00,g,2.17,EUR,none,,fr,"","C:\Users\emman\p_Claude\capstone\datacollection\Auchan\fromage_250.00g\2026-03-23_21-18-00-693.png"
2026-03-23,21:25:55,Auchan,Paris,auchan_fr,Paris,13,2026,fromage,mdd,"mimolette jaune 10 tranches; barquet",200.00,g,2.18,EUR,none,,fr,"","C:\Users\emman\p_Claude\capstone\datacollection\Auchan\fromage_200.00g\2026-03-23_21-25-48-509.png"
2026-03-23,21:29:24,Auchan,Paris,auchan_fr,Paris,13,2026,beurre,paysan-breton,"demi-sel; moule",250.00,g,3.89,EUR,none,,fr,"","C:\Users\emman\p_Claude\capstone\datacollection\Auchan\beurre_250.00g\2026-03-23_21-29-18-428.png"
2026-03-23,21:31:17,Auchan,Paris,auchan_fr,Paris,13,2026,beurre,mdd,"demi-sel 81%; moule",500.00,g,5.15,EUR,none,,fr,"","C:\Users\emman\p_Claude\capstone\datacollection\Auchan\beurre_500.00g\2026-03-23_21-31-06-166.png"
2026-03-24,08:05:32,Auchan,Paris,auchan_fr,Paris,13,2026,carrots,mdd,"vrac; france",1.50,kg,2.95,EUR,none,,fr,"","C:\Users\emman\p_Claude\capstone\datacollection\Auchan\carrots_1.50kg\2026-03-24_08-03-53-895.png"
2026-03-24,08:14:10,Auchan,Paris,auchan_fr,Paris,13,2026,laitue,none,"vrac; france",1.00,piece,1.39,EUR,none,,fr,"","C:\Users\emman\p_Claude\capstone\datacollection\Auchan\laitue_1.00piece\2026-03-24_08-14-04-958.png"
2026-03-24,17:01:47,Auchan,Paris,auchan_fr,Paris,13,2026,oignons,none,"rouges; france",500.00,g,2.55,EUR,none,,fr,"","C:\Users\emman\p_Claude\capstone\datacollection\Auchan\oignons_500.00g\2026-03-24_17-01-42-190.png"
2026-03-24,17:02:51,Auchan,Paris,auchan_fr,Paris,13,2026,oignons,none,"selection; france",,g,2.79,EUR,none,,fr,"","C:\Users\emman\p_Claude\capstone\datacollection\Auchan\oignons\2026-03-24_17-02-42-050.png"
2026-03-24,17:05:19,Auchan,Paris,auchan_fr,Paris,13,2026,pomme-de-terre,mdd,"four et puree",2.50,kg,2.99,EUR,none,,fr,"","C:\Users\emman\p_Claude\capstone\datacollection\Auchan\pommedeterre_2.50kg\2026-03-24_17-05-08-629.png"
2026-03-24,17:12:36,Auchan,Paris,auchan_fr,Paris,13,2026,tomates,none,"rondes; maroc",1.00,kg,1.99,EUR,none,,fr,"","C:\Users\emman\p_Claude\capstone\datacollection\Auchan\tomates_1.00kg\2026-03-24_17-12-32-003.png"
2026-03-24,17:17:19,Auchan,Paris,auchan_fr,Paris,13,2026,haricots-verts,c'zon,"eboutes",400.00,g,4.49,EUR,none,,fr,"","C:\Users\emman\p_Claude\capstone\datacollection\Auchan\haricotsverts_400.00g\2026-03-24_17-17-10-330.png"
2026-03-24,17:19:43,Auchan,Paris,auchan_fr,Paris,13,2026,haricots-verts,mdd,"extra-fins; surgele",1.00,kg,2.17,EUR,none,,fr,"","C:\Users\emman\p_Claude\capstone\datacollection\Auchan\haricotsverts_1.00kg\2026-03-24_17-19-37-305.png"
2026-03-24,17:22:36,Auchan,Paris,auchan_fr,Paris,13,2026,oignons,mdd,"eminces; surgele",1.00,kg,2.06,EUR,none,,fr,"","C:\Users\emman\p_Claude\capstone\datacollection\Auchan\oignons_1.00kg\2026-03-24_17-22-32-672.png"
2026-03-24,17:27:07,Auchan,Paris,auchan_fr,Paris,13,2026,petits-pois,mdd,"extra fins; surgele",1.00,kg,2.22,EUR,none,,fr,"","C:\Users\emman\p_Claude\capstone\datacollection\Auchan\petits-pois_1.00kg\2026-03-24_17-27-00-090.png"
2026-03-24,17:32:21,Auchan,Paris,auchan_fr,Paris,13,2026,petits-pois,d'aucy,"extra fins; boite",560.00,g,2.11,EUR,none,,fr,"","C:\Users\emman\p_Claude\capstone\datacollection\Auchan\petits-pois_560.00g\2026-03-24_17-32-08-408.png"
2026-03-24,17:36:34,Auchan,Paris,auchan_fr,Paris,13,2026,epinards,mdd,"haches; surgele",1.00,kg,1.58,EUR,none,,fr,"","C:\Users\emman\p_Claude\capstone\datacollection\Auchan\epinards_1.00kg\2026-03-24_17-36-28-873.png"
2026-03-24,17:38:01,Auchan,Paris,auchan_fr,Paris,13,2026,epinards,none,"vrac; france",400.00,g,2.99,EUR,none,,fr,"","C:\Users\emman\p_Claude\capstone\datacollection\Auchan\epinards_400.00g\2026-03-24_17-37-52-318.png"
2026-03-24,18:09:09,Auchan,Paris,auchan_fr,Paris,13,2026,haricots,mdd,"rouges",500.00,g,3.01,EUR,none,,fr,"","C:\Users\emman\p_Claude\capstone\datacollection\Auchan\haricots_500.00g\2026-03-24_18-09-03-211.png"
2026-03-24,18:12:53,Auchan,Paris,auchan_fr,Paris,13,2026,haricots,mdd,"rouges; boite",500.00,g,1.59,EUR,none,,fr,"","C:\Users\emman\p_Claude\capstone\datacollection\Auchan\haricots_500.00g\2026-03-24_18-12-50-830.png"
2026-03-24,18:14:32,Auchan,Paris,auchan_fr,Paris,13,2026,pois-chiches,mdd,"boite",530.00,g,1.40,EUR,none,,fr,"","C:\Users\emman\p_Claude\capstone\datacollection\Auchan\pois-chiches_530.00g\2026-03-24_18-14-27-510.png"
2026-03-24,18:16:52,Auchan,Paris,auchan_fr,Paris,13,2026,pois-chiches,mdd,"sachet",500.00,g,2.79,EUR,none,,fr,"","C:\Users\emman\p_Claude\capstone\datacollection\Auchan\pois-chiches_500.00g\2026-03-24_18-16-47-797.png"
2026-03-24,18:25:48,Auchan,Paris,auchan_fr,Paris,13,2026,sauce-tomate,mdd,"bocal",420.00,g,1.34,EUR,none,,fr,"","C:\Users\emman\p_Claude\capstone\datacollection\Auchan\sauce-tomate_4200.00g\2026-03-24_18-25-44-359.png"
2026-03-24,19:29:31,Auchan,Paris,auchan_fr,Paris,13,2026,tomacouli,panzani,"nature; tpk",500.00,g,1.22,EUR,none,,fr,"","C:\Users\emman\p_Claude\capstone\datacollection\Auchan\tomacouli_500.00g\2026-03-24_19-29-27-397.png"
2026-03-24,20:34:21,Auchan,Paris,auchan_fr,Paris,13,2026,thon,mdd,"enthier au naturel; boite",280.00,g,4.20,EUR,none,,fr,"","C:\Users\emman\p_Claude\capstone\datacollection\Auchan\thon_280.00g\2026-03-24_20-34-17-187.png"
2026-03-24,20:53:17,Auchan,Paris,auchan_fr,Paris,13,2026,thon,petit-navire,"entier au naurel; boite",280.00,g,5.67,EUR,none,,fr,"","C:\Users\emman\p_Claude\capstone\datacollection\Auchan\thon_280.00g\2026-03-24_20-53-13-852.png"
2026-03-25,23:23:11,Auchan,Paris,auchan_fr,Paris,13,2026,poitrine,pouce,"fume; 10 tranches",100.00,g,0.95,EUR,none,,fr,"","C:\Users\emman\p_Claude\capstone\datacollection\Auchan\bacon_100.00g\2026-03-25_23-23-05-208.png"
2026-03-25,23:24:44,Auchan,Paris,auchan_fr,Paris,13,2026,poitrine,herta,"fume; 7 tranches",100.00,g,2.89,EUR,none,,fr,"","C:\Users\emman\p_Claude\capstone\datacollection\Auchan\poitrine_100.00g\2026-03-25_23-24-39-507.png"
2026-03-25,23:30:55,Auchan,Paris,auchan_fr,Paris,13,2026,poulet,prix-bas,"filets",6000.00,g,6.59,EUR,none,,fr,"","C:\Users\emman\p_Claude\capstone\datacollection\Auchan\poulet_6000.00g\2026-03-25_23-30-51-181.png"
2026-03-25,23:32:13,Auchan,Paris,auchan_fr,Paris,13,2026,poulet,duc,"filets",720.00,g,9.19,EUR,none,,fr,"","C:\Users\emman\p_Claude\capstone\datacollection\Auchan\poulet_720.00g\2026-03-25_23-32-08-458.png"
2026-03-25,23:34:25,Auchan,Paris,auchan_fr,Paris,13,2026,oeufs,matines,"de poules",6.00,piece,1.80,EUR,none,,fr,"","C:\Users\emman\p_Claude\capstone\datacollection\Auchan\oeufs_6.00piece\2026-03-25_23-34-13-519.png"
2026-03-25,23:37:14,Auchan,Paris,auchan_fr,Paris,13,2026,oeufs,lustucru,"de poules",6.00,piece,2.17,EUR,none,,fr,"","C:\Users\emman\p_Claude\capstone\datacollection\Auchan\oeufs_6.00piece\2026-03-25_23-36-56-587.png"
2026-03-25,23:43:13,Auchan,Paris,auchan_fr,Paris,13,2026,viande-bovine,mdd,"cheveux d'ange; 95%",500.00,g,10.39,EUR,none,,fr,"","C:\Users\emman\p_Claude\capstone\datacollection\Auchan\viande-bovine_500.00g\2026-03-25_23-43-05-912.png"
2026-03-25,23:49:58,Auchan,Paris,auchan_fr,Paris,13,2026,porc,mdd,"jarret",800.00,g,8.85,EUR,none,,fr,"","C:\Users\emman\p_Claude\capstone\datacollection\Auchan\porc_800.00g\2026-03-25_23-49-19-588.png"
2026-03-25,23:57:02,Auchan,Paris,auchan_fr,Paris,13,2026,jambon,herta,"etouffee sans nitrite; 8 tranches",280.00,g,5.79,EUR,none,,fr,"","C:\Users\emman\p_Claude\capstone\datacollection\Auchan\jambon_280.00g\2026-03-25_23-56-53-530.png"
2026-03-26,00:00:43,Auchan,Paris,auchan_fr,Paris,13,2026,saucisse,herta,"porc; sans nitrite; 10p",350.00,g,4.65,EUR,none,,fr,"","C:\Users\emman\p_Claude\capstone\datacollection\Auchan\saucisse_350.00g\2026-03-26_00-00-38-958.png"
2026-03-30,18:01:23,Auchan,Paris,auchan_fr,Paris,14,2026,ketchup,pouce,"nature; flacon souple",560.00,g,0.95,EUR,none,,fr,"","C:\Users\emman\p_Claude\capstone\datacollection\Auchan\ketchup_560.00g\2026-03-30_18-01-15-696.png"
2026-03-30,18:03:27,Auchan,Paris,auchan_fr,Paris,14,2026,ketchup,heinz,"flacon souple",460,g,2.51,EUR,none,,fr,"","C:\Users\emman\p_Claude\capstone\datacollection\Auchan\ketchup\2026-03-30_18-03-24-542.png"
2026-03-30,18:09:47,Auchan,Paris,auchan_fr,Paris,14,2026,mayonnaise,mdd,"bocal",475.00,g,1.99,EUR,none,,fr,"","C:\Users\emman\p_Claude\capstone\datacollection\Auchan\mayonnaise_475.00g\2026-03-30_18-09-43-248.png"
2026-03-30,18:12:38,Auchan,Paris,auchan_fr,Paris,14,2026,mayonnaise,amora,"de dijon; bocal",385.00,g,2.75,EUR,none,,fr,"","C:\Users\emman\p_Claude\capstone\datacollection\Auchan\mayonnaise_385.00g\2026-03-30_18-12-31-041.png"
2026-03-30,18:14:43,Auchan,Paris,auchan_fr,Paris,14,2026,moutarde,amora,"de dijon fine et forte; bocal",430.00,g,2.06,EUR,none,,fr,"","C:\Users\emman\p_Claude\capstone\datacollection\Auchan\moutarde_430.00g\2026-03-30_18-14-38-585.png"
2026-03-30,18:22:15,Auchan,Paris,auchan_fr,Paris,14,2026,moutarde,mdd,"forte; flacon souple",265.00,g,1.56,EUR,none,,fr,"","C:\Users\emman\p_Claude\capstone\datacollection\Auchan\moutarde_265.00g\2026-03-30_18-22-10-621.png"
2026-03-30,18:27:01,Auchan,Paris,auchan_fr,Paris,14,2026,ail,none,"filet; 3 tetes",200.00,g,2.89,EUR,none,,fr,"","C:\Users\emman\p_Claude\capstone\datacollection\Auchan\ail_200.00g\2026-03-30_18-26-32-660.png"
2026-03-30,18:31:12,Auchan,Paris,auchan_fr,Paris,14,2026,ail,ducros,"semoule; flacon",40.00,g,2.22,EUR,none,,fr,"","C:\Users\emman\p_Claude\capstone\datacollection\Auchan\ail_40.00g\2026-03-30_18-31-06-182.png"
2026-03-30,18:38:09,Auchan,Paris,auchan_fr,Paris,14,2026,sel-de-mer,la-baleine,"fin iode et fluore; versoir",,g,0.66,EUR,none,,fr,"","C:\Users\emman\p_Claude\capstone\datacollection\Auchan\sel-de-mer\2026-03-30_18-38-05-646.png"
2026-03-30,18:43:35,Auchan,Paris,auchan_fr,Paris,14,2026,huile,pouce,"de colza; bouteille",1.00,L,1.56,EUR,none,,fr,"","C:\Users\emman\p_Claude\capstone\datacollection\Auchan\huile_1.00L\2026-03-30_18-43-26-146.png"
2026-03-30,18:45:59,Auchan,Paris,auchan_fr,Paris,14,2026,huile,mdd,"d'olive ultra vierge extra; bouteille",1.00,L,9.40,EUR,none,,fr,"","C:\Users\emman\p_Claude\capstone\datacollection\Auchan\huile_1.00L\2026-03-30_18-45-46-531.png"
2026-03-30,19:01:28,Auchan,Paris,auchan_fr,Paris,14,2026,vinaigre,mdd,"de vin rouge 6%; bouteille",75.00,cl,1.59,EUR,none,,fr,"","C:\Users\emman\p_Claude\capstone\datacollection\Auchan\vinaigre_75.00cl\2026-03-30_19-01-24-889.png"
2026-03-30,19:04:39,Auchan,Paris,auchan_fr,Paris,14,2026,vinaigre,pouce,"d'alcool blanc 8%; bouteille",1.00,L,0.43,EUR,none,,fr,"","C:\Users\emman\p_Claude\capstone\datacollection\Auchan\vinaigre_1.00L\2026-03-30_19-04-32-906.png"
2026-03-30,19:07:49,Auchan,Paris,auchan_fr,Paris,14,2026,cafe,mdd,"soluble intense i6; bocal",200.00,g,5.41,EUR,none,,fr,"","C:\Users\emman\p_Claude\capstone\datacollection\Auchan\cafe_200.00g\2026-03-30_19-07-45-364.png"
2026-03-30,19:23:20,Auchan,Paris,auchan_fr,Paris,14,2026,cafe,mdd,"classique i8; bocal",200.00,g,5.23,EUR,none,,fr,"","C:\Users\emman\p_Claude\capstone\datacollection\Auchan\cafe_200.00g\2026-03-30_19-23-07-969.png"
2026-03-30,19:28:21,Auchan,Paris,auchan_fr,Paris,14,2026,cafe,mdd,"moulu tradition i8; sachet",250.00,g,2.88,EUR,none,,fr,"","C:\Users\emman\p_Claude\capstone\datacollection\Auchan\cafe_250.00g\2026-03-30_19-28-17-411.png"
2026-03-30,19:35:56,Auchan,Paris,auchan_fr,Paris,14,2026,the,mdd,"noir breakfast 25x; sachets",50.00,g,1.14,EUR,none,,fr,"","C:\Users\emman\p_Claude\capstone\datacollection\Auchan\the\2026-03-30_19-36-12-393.png"
2026-03-30,19:39:12,Auchan,Paris,auchan_fr,Paris,14,2026,the,mdd,"noir saveur fruits des bois; 25 sachets",40.00,g,2.02,EUR,none,,fr,"","C:\Users\emman\p_Claude\capstone\datacollection\Auchan\the_40.00g\2026-03-30_19-39-08-844.png"
2026-03-30,19:40:37,Auchan,Paris,auchan_fr,Paris,14,2026,the,lipton,"noir aux fruits rouges 20x; sachets",30.00,g,3.10,EUR,none,,fr,"","C:\Users\emman\p_Claude\capstone\datacollection\Auchan\the_30.00g\2026-03-30_19-40-32-622.png"
2026-03-30,19:45:49,Auchan,Paris,auchan_fr,Paris,14,2026,infusion,elephant,"verveine; 20 sachets",30.00,g,2.49,EUR,none,,fr,"","C:\Users\emman\p_Claude\capstone\datacollection\Auchan\infusion_30.00g\2026-03-30_19-45-42-564.png"
2026-03-30,19:50:50,Auchan,Paris,auchan_fr,Paris,14,2026,sirop,teisseire,"menthe; bouteille",60.00,cl,2.96,EUR,none,,fr,"","C:\Users\emman\p_Claude\capstone\datacollection\Auchan\sirop_60.00cl\2026-03-30_19-50-46-810.png"
2026-03-30,19:51:54,Auchan,Paris,auchan_fr,Paris,14,2026,sirop,mdd,"menthe; bidon",75.00,cl,2.20,EUR,none,,fr,"","C:\Users\emman\p_Claude\capstone\datacollection\Auchan\sirop_75.00cl\2026-03-30_19-51-49-462.png"
2026-03-30,19:54:28,Auchan,Paris,auchan_fr,Paris,14,2026,jus,mdd,"orange avec pulpe; bidon",1.50,L,3.91,EUR,none,,fr,"","C:\Users\emman\p_Claude\capstone\datacollection\Auchan\jus_1.50L\2026-03-30_19-54-12-158.png"
2026-03-30,20:08:18,Auchan,Paris,auchan_fr,Paris,14,2026,biscuits,mdd,"petit beurre; 24",200,g,1.11,EUR,none,,fr,"","C:\Users\emman\p_Claude\capstone\datacollection\Auchan\biscuits\2026-03-30_20-10-21-144.png"
2026-03-30,20:14:04,Auchan,Paris,auchan_fr,Paris,14,2026,biscuits,mdd,"palets bretons pur beurre; 8",125.00,g,1.13,EUR,none,,fr,"","C:\Users\emman\p_Claude\capstone\datacollection\Auchan\biscuits_125.00g\2026-03-30_20-14-00-348.png"
2026-03-30,20:15:15,Auchan,Paris,auchan_fr,Paris,14,2026,biscuits,mdd,"galettes bretonnes pur beurre; 16",125.00,g,0.86,EUR,none,,fr,"","C:\Users\emman\p_Claude\capstone\datacollection\Auchan\biscuits_125.00g\2026-03-30_20-15-08-706.png"
2026-03-30,20:44:42,Auchan,Paris,auchan_fr,Paris,14,2026,bonbons,la-pie-qui-chante,"menthe claire; sachet",360.00,g,2.89,EUR,none,,fr,"","C:\Users\emman\p_Claude\capstone\datacollection\Auchan\bonbons_360.00g\2026-03-30_20-44-36-599.png"
2026-03-30,20:45:45,Auchan,Paris,auchan_fr,Paris,14,2026,bonbons,lutti,"menthise; sachet",250.00,g,3.09,EUR,none,,fr,"","C:\Users\emman\p_Claude\capstone\datacollection\Auchan\bonbons_250.00g\2026-03-30_20-45-41-778.png"
2026-03-30,20:47:09,Auchan,Paris,auchan_fr,Paris,14,2026,bonbons,vichy,"parfum menthe; sachet",230.00,g,1.79,EUR,none,,fr,"","C:\Users\emman\p_Claude\capstone\datacollection\Auchan\bonbons_230.00g\2026-03-30_20-47-05-650.png"
2026-03-30,20:49:51,Auchan,Paris,auchan_fr,Paris,14,2026,bonbons,haribo,"tagada; sachet",400.00,g,2.39,EUR,none,,fr,"","C:\Users\emman\p_Claude\capstone\datacollection\Auchan\bonbons_400.00g\2026-03-30_20-49-48-637.png"
2026-03-30,20:54:07,Auchan,Paris,auchan_fr,Paris,14,2026,bonbons,haribo,"dragibus original; sachet",250.00,g,2.39,EUR,none,,fr,"","C:\Users\emman\p_Claude\capstone\datacollection\Auchan\bonbons_250.00g\2026-03-30_20-54-01-363.png"
2026-03-30,20:56:17,Auchan,Paris,auchan_fr,Paris,14,2026,chocolat,cote-d'or,"noir original; 1 tablet",100.00,g,1.99,EUR,none,,fr,"","C:\Users\emman\p_Claude\capstone\datacollection\Auchan\chocolat_100.00g\2026-03-30_20-56-13-410.png"
2026-03-30,20:59:56,Auchan,Paris,auchan_fr,Paris,14,2026,chocolat,pouce,"noir dessert; 1 tablete",200.00,g,1.59,EUR,none,,fr,"","C:\Users\emman\p_Claude\capstone\datacollection\Auchan\chocolat_200.00g\2026-03-30_20-59-53-153.png"
2026-03-30,21:03:34,Auchan,Paris,auchan_fr,Paris,14,2026,chips,mdd,"nature; sachet",200.00,g,1.39,EUR,none,,fr,"","C:\Users\emman\p_Claude\capstone\datacollection\Auchan\chips_200.00g\2026-03-30_21-03-31-342.png"
2026-03-30,21:04:34,Auchan,Paris,auchan_fr,Paris,14,2026,chips,lay's,"nature; sachet",370.00,g,4.38,EUR,none,,fr,"","C:\Users\emman\p_Claude\capstone\datacollection\Auchan\chips_370.00g\2026-03-30_21-04-30-670.png"
2026-03-30,21:06:27,Auchan,Paris,auchan_fr,Paris,14,2026,chips,mdd,"ancienne; sachet",150.00,g,1.25,EUR,none,,fr,"","C:\Users\emman\p_Claude\capstone\datacollection\Auchan\chips_150.00g\2026-03-30_21-06-24-371.png"
2026-03-30,21:20:01,Auchan,Paris,auchan_fr,Paris,14,2026,noix,mdd,"pecan; sachet",125.00,g,2.99,EUR,none,,fr,"","C:\Users\emman\p_Claude\capstone\datacollection\Auchan\noix_125.00g\2026-03-30_21-19-57-303.png"
2026-03-30,21:22:13,Auchan,Paris,auchan_fr,Paris,14,2026,cacahuetes,mdd,"grilles et salees",250.00,g,1.18,EUR,none,,fr,"","C:\Users\emman\p_Claude\capstone\datacollection\Auchan\cacahuetes_250.00g\2026-03-30_21-22-09-046.png"
2026-03-30,21:23:35,Auchan,Paris,auchan_fr,Paris,14,2026,cacahuetes,benenuts,"grillees et salees",220.00,g,1.62,EUR,none,,fr,"","C:\Users\emman\p_Claude\capstone\datacollection\Auchan\cacahuetes_220.00g\2026-03-30_21-23-30-901.png"
2026-03-30,21:31:24,Auchan,Paris,auchan_fr,Paris,14,2026,nettoyant-liquide,mdd,"multisurfaces savon de marseille; bidon",1.50,L,1.82,EUR,none,,fr,"","C:\Users\emman\p_Claude\capstone\datacollection\Auchan\nettoyant-liquide_1.50L\2026-03-30_21-31-21-407.png"
2026-03-30,21:33:11,Auchan,Paris,auchan_fr,Paris,14,2026,nettoyant-liquide,mr.-propre,"multi-usages citron d'ete; bidon",1.50,L,3.50,EUR,none,,fr,"","C:\Users\emman\p_Claude\capstone\datacollection\Auchan\nettoyant-liquide_1.50L\2026-03-30_21-33-01-116.png"
2026-03-30,21:37:21,Auchan,Paris,auchan_fr,Paris,14,2026,liquide-vaisselle,pouce,"citron; bidon",500.00,mL,0.50,EUR,none,,fr,"","C:\Users\emman\p_Claude\capstone\datacollection\Auchan\liquide-vaisselle_500.00mL\2026-03-30_21-37-17-805.png"
2026-03-30,21:39:11,Auchan,Paris,auchan_fr,Paris,14,2026,liquide-vaisselle,l'arbre-vert,"mains amande; bidon",500.00,mL,2.20,EUR,none,,fr,"","C:\Users\emman\p_Claude\capstone\datacollection\Auchan\liquide-vaisselle_500.00mL\2026-03-30_21-39-06-881.png"
2026-03-30,21:40:21,Auchan,Paris,auchan_fr,Paris,14,2026,liquide-vaisselle,mdd,"super degraissant; bidon",750.00,mL,1.62,EUR,none,,fr,"","C:\Users\emman\p_Claude\capstone\datacollection\Auchan\liquide-vaisselle_750.00mL\2026-03-30_21-40-17-858.png"
2026-03-30,21:43:04,Auchan,Paris,auchan_fr,Paris,14,2026,lave-vaisselle,finish,"power ge 900ml = 45 lavagesl; bidon",45,piece,7.67,EUR,none,,fr,"","C:\Users\emman\p_Claude\capstone\datacollection\Auchan\lave-vaiselle_900.00mL\2026-03-30_21-42-59-586.png"
2026-03-30,21:45:39,Auchan,Paris,auchan_fr,Paris,14,2026,lave-vaisselle,mdd,"gel rincage sel 720ml = 36x lavages; bidon",36,piece,6.78,EUR,none,,fr,"","C:\Users\emman\p_Claude\capstone\datacollection\Auchan\lave-vaiselle_720.00mL\2026-03-30_21-45-36-773.png"
2026-03-30,22:06:36,Auchan,Paris,auchan_fr,Paris,14,2026,lessive,pouce,"liquide 37x; bidon",2.00,L,2.52,EUR,none,,fr,"","C:\Users\emman\p_Claude\capstone\datacollection\Auchan\lessive_2.00L\2026-03-30_22-06-31-492.png"
2026-03-30,22:08:27,Auchan,Paris,auchan_fr,Paris,14,2026,lessive,el-chat,"liquide sensitive savon de marseille 38x; bidon",1.71,L,12.59,EUR,none,,fr,"","C:\Users\emman\p_Claude\capstone\datacollection\Auchan\lessive_1.71L\2026-03-30_22-08-21-700.png"
2026-03-30,22:10:42,Auchan,Paris,auchan_fr,Paris,14,2026,lessive,persil,"liquide douceur amande 43x; bidon",1.80,L,8.69,EUR,none,,fr,"","C:\Users\emman\p_Claude\capstone\datacollection\Auchan\lessive_1.80L\2026-03-30_22-10-36-998.png"
2026-03-30,22:13:28,Auchan,Paris,auchan_fr,Paris,14,2026,essuie-tout,pouce,"compact blanc 3x;  rouleaux",3.00,piece,1.62,EUR,none,,fr,"","C:\Users\emman\p_Claude\capstone\datacollection\Auchan\essuie-tout_3.00piece\2026-03-30_22-13-17-701.png"
2026-03-30,22:15:39,Auchan,Paris,auchan_fr,Paris,14,2026,essuie-tout,mdd,"classic blanc 4x; rouleaux",4.00,piece,2.91,EUR,none,,fr,"","C:\Users\emman\p_Claude\capstone\datacollection\Auchan\essuie-tout_4.00piece\2026-03-30_22-15-34-286.png"
2026-03-30,22:16:33,Auchan,Paris,auchan_fr,Paris,14,2026,essuie-tout,mdd,"super absorbant compact 4x; rouleaux",4.00,piece,5.54,EUR,none,,fr,"","C:\Users\emman\p_Claude\capstone\datacollection\Auchan\essuie-tout_4.00piece\2026-03-30_22-16-29-130.png"
2026-03-30,22:21:03,Auchan,Paris,auchan_fr,Paris,14,2026,papier-toilette,foxy,"cotton extra 5epaisseurs 4x; rouleaux",4.00,piece,4.74,EUR,none,,fr,"","C:\Users\emman\p_Claude\capstone\datacollection\Auchan\papier-toilette_4.00piece\2026-03-30_22-20-59-809.png"
2026-03-30,22:22:35,Auchan,Paris,auchan_fr,Paris,14,2026,papier-toilette,mdd,"blanc ultra doux et moelleux 3 epaisseurs; rouleau",12.00,piece,5.16,EUR,none,,fr,"","C:\Users\emman\p_Claude\capstone\datacollection\Auchan\papier-toilette_12.00piece\2026-03-30_22-22-29-253.png"
2026-03-30,22:27:38,Auchan,Paris,auchan_fr,Paris,14,2026,pain-de-mie,harry's,"nature grandes tranches sans croute; sachet",500.00,g,2.45,EUR,none,,fr,"","C:\Users\emman\p_Claude\capstone\datacollection\Auchan\pan-de-mie_500.00g\2026-03-30_22-27-34-466.png"
2026-03-30,22:29:07,Auchan,Paris,auchan_fr,Paris,14,2026,pain-de-mie,mdd,"complete sans croute sans huile de palme; sachet",500.00,g,1.80,EUR,none,,fr,"","C:\Users\emman\p_Claude\capstone\datacollection\Auchan\pan-de-mie_500.00g\2026-03-30_22-29-03-131.png"
2026-03-30,22:31:38,Auchan,Paris,auchan_fr,Paris,14,2026,muesli-cereales,quacker,"croustillant noix de pecan et noix du bresil; sach",500.00,g,5.20,EUR,none,,fr,"","C:\Users\emman\p_Claude\capstone\datacollection\Auchan\muesli-cereales_500.00g\2026-03-30_22-31-33-875.png"
2026-03-30,22:34:22,Auchan,Paris,auchan_fr,Paris,14,2026,muesli-cereales,pouce,"aux fruits secs",750.00,g,2.33,EUR,none,,fr,"","C:\Users\emman\p_Claude\capstone\datacollection\Auchan\muesli-cereales_750.00g\2026-03-30_22-34-14-486.png"
2026-03-30,22:36:40,Auchan,Paris,auchan_fr,Paris,14,2026,muesli-cereales,bjorg,"bio raisin figue datte et abricot; sachet",750.00,g,5.69,EUR,none,,fr,"","C:\Users\emman\p_Claude\capstone\datacollection\Auchan\muesli-cereales_750.00g\2026-03-30_22-36-37-232.png"
2026-03-30,22:38:25,Auchan,Paris,auchan_fr,Paris,14,2026,farine-de-ble,mdd,"fluide t45; sachet",1.00,kg,1.00,EUR,none,,fr,"","C:\Users\emman\p_Claude\capstone\datacollection\Auchan\farine-de-ble_1.00kg\2026-03-30_22-38-09-571.png"
2026-03-30,22:40:47,Auchan,Paris,auchan_fr,Paris,14,2026,farine-de-ble,francine,"tous usages t65; sachet",1.00,kg,1.65,EUR,none,,fr,"","C:\Users\emman\p_Claude\capstone\datacollection\Auchan\farine-de-ble_1.00kg\2026-03-30_22-40-40-932.png"
2026-03-30,22:43:50,Auchan,Paris,auchan_fr,Paris,14,2026,pates,mdd,"spaghetti; sachet",1.00,kg,1.59,EUR,none,,fr,"","C:\Users\emman\p_Claude\capstone\datacollection\Auchan\pasta_1.00kg\2026-03-30_22-43-47-451.png"
2026-03-30,22:45:41,Auchan,Paris,auchan_fr,Paris,14,2026,pates,pouce,"spaghetti; sachet",1.00,kg,1.14,EUR,none,,fr,"","C:\Users\emman\p_Claude\capstone\datacollection\Auchan\pates_1.00kg\2026-03-30_22-45-38-477.png"
2026-03-30,22:46:39,Auchan,Paris,auchan_fr,Paris,14,2026,pates,barilla,"spaghetti no 5; boite en carton",500,g,1.24,EUR,none,,fr,"","C:\Users\emman\p_Claude\capstone\datacollection\Auchan\pates\2026-03-30_22-46-34-716.png"
2026-03-24,10:00:00,Auchan,Paris,auchan_fr,Paris,13,2026,sardines,mdd,"à l'huile",120,g,1.29,EUR,none,,fr,"Sardines à l'huile",""
2026-03-24,10:15:00,Auchan,Paris,auchan_fr,Paris,13,2026,couches_bebe,mdd,"size 4 (9-14kg)",56,piece,18.99,EUR,none,,fr,"Couches Bébé",""
2026-03-24,10:30:00,Auchan,Paris,auchan_fr,Paris,13,2026,couches_adulte,tena,"medium",30,piece,12.49,EUR,none,,fr,"Couches Adulte",""
2026-03-24,10:45:00,Auchan,Paris,auchan_fr,Paris,13,2026,serviettes_hygieniques,mdd,"ultra protect",20,piece,2.99,EUR,none,,fr,"Serviettes Hygiéniques",""
2026-03-24,11:00:00,Auchan,Paris,auchan_fr,Paris,13,2026,puree_legumes,bledinat,"carottes et patate douce",190,g,1.19,EUR,none,,fr,"Les petits pots ou purées",""
2026-03-24,11:15:00,Auchan,Paris,auchan_fr,Paris,13,2026,toothpaste,elmex,"junior 6-12 years",75,ml,3.49,EUR,none,,fr,"Tooth paste",""
2026-03-31,19:30:09,Walmart,Doral; FL,walmart_us,Doral, FL,14,2026,coffe,maxwell-house,"breakfast blend",25.60,oz,14.84,EUR,none,,fr,"","C:\Users\emman\p_Claude\capstone\datacollection\walmart_us_doral\Walmart\coffe_25.60oz\2026-03-31_19-29-47-980.png"
2026-04-02,18:18:55,Auchan,Paris,auchan_fr,Paris,14,2026,cafe,mdd,"moulu tradition i8; sachet",250.00,g,2.88,EUR,https://www.auchan.fr/auchan-cafe-moulu-tradition-intensite-8/pr-C1309198,,fr,"","C:\Users\emman\p_Claude\capstone\datacollection\Auchan\Auchan\cafe_250.00g\2026-04-02_18-18-39-131.png"
2026-04-03,18:20:47,Carrefour,Paris,carrefour_fr,Paris,14,2026,cafe,mdd,"moulu classique; paquet",250.00,g,2.59,EUR,https://www.carrefour.fr/p/cafe-moulu-classique-carrefour-classic-3270190007920,,fr,"","C:\Users\emman\p_Claude\capstone\datacollection\Auchan\Carrefour\cafe\2026-04-03_18-30-39-726.png"
2026-04-03,20:38:32,Carrefour,Paris,carrefour_fr,Paris,14,2026,cafe,simpl,"solouble areome riche; bocal",200.00,g,3.49,EUR,https://www.carrefour.fr/p/cafe-soluble-arome-riche-simpl-3560071469511,,fr,"","C:\Users\emman\p_Claude\capstone\datacollection\Auchan\Carrefour\cafe_200.00g\2026-04-03_20-38-06-791.png"
2026-04-03,20:49:04,Carrefour,Paris,carrefour_fr,Paris,14,2026,cafe,mdd,"soluble gold extra; bocal",100.00,g,2.85,EUR,https://www.carrefour.fr/p/cafe-soluble-gold-carrefour-extra-3560071275808,,fr,"","C:\Users\emman\p_Claude\capstone\datacollection\Auchan\Carrefour\cafe_100.00g\2026-04-03_20-48-39-668.png"
2026-04-03,20:52:47,Carrefour,Paris,carrefour_fr,Paris,14,2026,cafe,nestcafe,"selection soluble; bocal",200.00,g,6.19,EUR,https://www.carrefour.fr/p/cafe-soluble-selection-nescafe-3033710075225,,fr,"","C:\Users\emman\p_Claude\capstone\datacollection\Auchan\Carrefour\cafe_200.00g\2026-04-03_20-52-29-857.png"
2026-04-03,21:05:24,Carrefour,Paris,carrefour_fr,Paris,14,2026,cafe,grand-mere,"moulu familial 100% robusta; paquet",225.00,g,3.19,EUR,https://www.carrefour.fr/p/cafe-moulu-familial-100-robusta-grand-mere-8711000693704,,fr,"","C:\Users\emman\p_Claude\capstone\datacollection\Auchan\Carrefour\cafe\2026-04-03_21-05-55-361.png"
2026-04-03,22:07:05,Carrefour,Paris,carrefour_fr,Paris,14,2026,infusion,elephant,"nuit tranquile verveine feuilles d'oranger 20x;  sachet",30.00,g,2.19,EUR,https://www.carrefour.fr/p/infusion-verveine-feuilles-d-oranger-camomille-tilleul-nuit-tranquille-elephant-8720608030330,,fr,"","C:\Users\emman\p_Claude\capstone\datacollection\Auchan\Carrefour\infusion_30.00g\2026-04-03_22-06-57-871.png"
2026-04-03,22:10:39,Carrefour,Paris,carrefour_fr,Paris,14,2026,infusion,mdd,"verveine menthe classic 25x; sachet",35.00,g,0.99,EUR,https://www.carrefour.fr/p/infusion-verveine-menthe-carrefour-classic-3560070928255,,fr,"","C:\Users\emman\p_Claude\capstone\datacollection\Auchan\Carrefour\infusion_35.00g\2026-04-03_22-09-30-167.png"
2026-04-03,22:32:35,Carrefour,Paris,carrefour_fr,Paris,14,2026,infusion,la-tisaniere,"citron apres repas 20x; sachet",37.50,g,2.99,EUR,https://www.carrefour.fr/p/infusion-citron-apres-repas-la-tisaniere-3042062209134,,fr,"","C:\Users\emman\p_Claude\capstone\datacollection\Auchan\Carrefour\infusion_37.50g\2026-04-03_22-32-24-618.png"
2026-04-03,22:38:07,Auchan,Paris,auchan_fr,Paris,14,2026,infusion,la-tisaniere,"apres-repas citron 20x ; sachet",37.50,g,3.59,EUR,https://www.auchan.fr/la-tisaniere-infusion-apres-repas-baobab-menthe-poivree-graines-d-anis/pr-C1635679,,fr,"","C:\Users\emman\p_Claude\capstone\datacollection\Auchan\Auchan\infusion_37.50g\2026-04-03_22-37-58-622.png"
2026-04-04,19:22:23,Carrefour,Paris,carrefour_fr,Paris,14,2026,the,mdd,"english breakfast 25x; sachet",50.00,g,0.85,EUR,https://www.carrefour.fr/p/the-noir-english-breakfast-carrefour-classic-3560070230778,,fr,"","C:\Users\emman\p_Claude\capstone\datacollection\Auchan\Carrefour\the\2026-04-04_19-23-04-196.png"
2026-04-04,19:39:04,Carrefour,Paris,carrefour_fr,Paris,14,2026,the,mdd,"noir aromatise saveur bargamote 20x; sachet",36.00,g,1.85,EUR,https://www.carrefour.fr/p/the-noir-aromatise-saveur-bergamote-carrefour-3560070659517,,fr,"","C:\Users\emman\p_Claude\capstone\datacollection\Auchan\Carrefour\the_36.00g\2026-04-04_19-38-56-906.png"
2026-04-04,19:50:08,Carrefour,Paris,carrefour_fr,Paris,14,2026,the,twinings,"noir saveur fruits rouges 20x;",30.00,g,2.89,EUR,https://www.carrefour.fr/p/the-noir-saveur-fruits-rouges-twinings-5055953903835,,fr,"","C:\Users\emman\p_Claude\capstone\datacollection\Auchan\Carrefour\the_30.00g\2026-04-04_19-49-58-974.png"
2026-04-04,19:52:13,Carrefour,Paris,carrefour_fr,Paris,14,2026,the,lipton,"noir fruits rouges; boite",150.00,g,7.06,EUR,https://www.carrefour.fr/p/the-noir-fruits-rouges-lipton-5063270109472,,fr,"","C:\Users\emman\p_Claude\capstone\datacollection\Auchan\Carrefour\the_150.00g\2026-04-04_19-52-00-727.png"
2026-04-04,20:26:11,Carrefour,Paris,carrefour_fr,Paris,14,2026,jus,mdd,"orange avec pulpe; bouteille",1.50,L,3.39,EUR,https://www.carrefour.fr/p/jus-d-orange-100-pur-jus-avec-pulpe-carrefour-extra-3560071182236,,fr,"","C:\Users\emman\p_Claude\capstone\datacollection\Auchan\Carrefour\jus_1.50L\2026-04-04_19-55-39-378.png"
2026-04-04,20:37:51,Carrefour,Paris,carrefour_fr,Paris,14,2026,jus,andros,"pur jus presse; bouteille",1.50,L,2.90,EUR,https://www.carrefour.fr/p/jus-d-oranges-100-pur-jus-presse-andros-3608580001430,,fr,"","C:\Users\emman\p_Claude\capstone\datacollection\Auchan\Carrefour\jus\2026-04-04_20-39-29-676.png"
2026-04-04,20:48:01,Carrefour,Paris,carrefour_fr,Paris,14,2026,sirop,teisseire,"menthe verte; bouteille",60.00,cl,2.35,EUR,https://www.carrefour.fr/p/sirop-menthe-verte-teisseire-3092718637033,,fr,"","C:\Users\emman\p_Claude\capstone\datacollection\Auchan\Carrefour\sirop_60.00cl\2026-04-04_20-47-53-097.png"
2026-04-04,20:53:43,Carrefour,Paris,carrefour_fr,Paris,14,2026,sirop,,"menthe; bouteille",,g,1.89,EUR,none,,fr,"","C:\Users\emman\p_Claude\capstone\datacollection\Auchan\Carrefour\sirop\2026-04-04_20-54-16-019.png"
2026-04-04,21:28:11,Carrefour,Paris,carrefour_fr,Paris,14,2026,pain-de-mie,harry's,"nature sans croute sans additifs; sachet",500.00,g,1.72,EUR,https://www.carrefour.fr/p/pain-de-mie-nature-100-mie-sans-croute-sans-additifs-petites-tranches-harrys-3228857000852,,fr,"","C:\Users\emman\p_Claude\capstone\datacollection\Auchan\Carrefour\pain-de-mie_500.00g\2026-04-04_21-27-44-900.png"
2026-04-04,21:38:02,Carrefour,Paris,carrefour_fr,Paris,14,2026,pain-de-mie,mdd,"nature maxi",550.00,g,1.39,EUR,https://www.carrefour.fr/p/pain-de-mie-nature-maxi-carrefour-classic-3560071478827,,fr,"","C:\Users\emman\p_Claude\capstone\datacollection\Auchan\Carrefour\pain-de-mie_550.00g\2026-04-04_21-37-54-520.png"
2026-04-04,21:57:54,Carrefour,Paris,carrefour_fr,Paris,14,2026,pates,barilla,"spaghetti no 5; boite en carton",500.00,g,1.05,EUR,https://www.carrefour.fr/p/pates-spaghetti-n05-barilla-8076800195057,,fr,"","C:\Users\emman\p_Claude\capstone\datacollection\Auchan\Carrefour\pates_500.00g\2026-04-04_21-57-46-763.png"
2026-04-04,21:59:42,Carrefour,Paris,carrefour_fr,Paris,14,2026,pates,mdd,"spaguetti; sachet",1.00,kg,1.35,EUR,https://www.carrefour.fr/p/pates-spaghetti-carrefour-3560070328888,,fr,"","C:\Users\emman\p_Claude\capstone\datacollection\Auchan\Carrefour\pates_1.00kg\2026-04-04_21-59-35-822.png"
2026-04-04,22:01:34,Carrefour,Paris,carrefour_fr,Paris,14,2026,pates,simpl,"spaghetti; sachet",1.00,kg,1.29,EUR,https://www.carrefour.fr/p/pates-spaghetti-simpl-3560071016869,,fr,"","C:\Users\emman\p_Claude\capstone\datacollection\Auchan\Carrefour\pates_1.00kg\2026-04-04_22-01-12-521.png"
2026-04-05,11:21:40,Carrefour,Paris,carrefour_fr,Paris,14,2026,essuie-tout,simpl,"blanc compact de 85 feuilles; rouleaux",3.00,piece,1.59,EUR,https://www.carrefour.fr/p/essuie-tout-blanc-simpl-3560071269524,,fr,"","C:\Users\emman\p_Claude\capstone\datacollection\Auchan\Carrefour\essuie-tout_3.00piece\2026-04-05_11-21-31-387.png"
2026-04-05,11:30:11,Carrefour,Paris,carrefour_fr,Paris,14,2026,essuie-tout,mdd,"ultra absorption blanc 45x3 feuilles; rouleaux",4.00,piece,2.49,EUR,https://www.carrefour.fr/p/essuie-tout-ultra-absorption-blanc-carrefour-sensation-3560070809981,,fr,"","C:\Users\emman\p_Claude\capstone\datacollection\Auchan\Carrefour\essuie-tout_4.00piece\2026-04-05_11-30-03-134.png"
2026-04-05,11:34:49,Carrefour,Paris,carrefour_fr,Paris,14,2026,essuie-tout,mdd,"classic blanc 64fx2; rouleaux",4.00,piece,2.45,EUR,https://www.carrefour.fr/p/essuie-tout-classic-blanc-carrefour-essential-3560070332618,,fr,"","C:\Users\emman\p_Claude\capstone\datacollection\Auchan\Carrefour\essuie-tout_4.00piece\2026-04-05_11-34-42-806.png"
2026-04-05,12:01:06,Carrefour,Paris,carrefour_fr,Paris,14,2026,essuie-tout,okay,"adapt blanc 3x; rouleaux",3.00,piece,2.79,EUR,https://www.carrefour.fr/p/essuie-tout-adapt-blanc-okay-3133200078252,,fr,"","C:\Users\emman\p_Claude\capstone\datacollection\Auchan\Carrefour\essuie-tout_3.00piece\2026-04-05_12-00-52-101.png"
2026-04-05,13:58:18,Carrefour,Paris,carrefour_fr,Paris,14,2026,lave-vaisselle,finish,"quantum 46x capsules; sachet",46.00,piece,11.55,EUR,https://www.carrefour.fr/p/capsules-lave-vaisselle-quantum-finish-3665468402420,,fr,"","C:\Users\emman\p_Claude\capstone\datacollection\Auchan\Carrefour\lave-vaisselle_46.00piece\2026-04-05_13-58-11-091.png"
2026-04-05,14:07:13,Carrefour,Paris,carrefour_fr,Paris,14,2026,lave-vaisselle,finish,"power gel 900ml = 45 lavages; flacon",45.00,piece,7.35,EUR,https://www.carrefour.fr/p/gel-lave-vaisselle-power-gel-finish-3665468403298,,fr,"","C:\Users\emman\p_Claude\capstone\datacollection\Auchan\Carrefour\lave-vaisselle_45.00piece\2026-04-05_14-07-02-239.png"
2026-04-05,14:11:28,Carrefour,Paris,carrefour_fr,Paris,14,2026,lave-vaisselle,mdd,"gel classic 1.5l = 75 lavages",75,piece,4.75,EUR,https://www.carrefour.fr/p/gel-lave-vaisselle-classic-carrefour-expert-3560071502379,,fr,"","C:\Users\emman\p_Claude\capstone\datacollection\Auchan\Carrefour\lave-vaisselle\2026-04-05_14-11-19-027.png"
2026-04-05,14:16:36,Carrefour,Paris,carrefour_fr,Paris,14,2026,lessive,simpl,"liquide 1.98l = 36 lavages; flacon",36.00,piece,2.09,EUR,https://www.carrefour.fr/p/lessive-liquide-simpl-3560071241896,,fr,"","C:\Users\emman\p_Claude\capstone\datacollection\Auchan\Carrefour\lessive_36.00piece\2026-04-05_14-16-14-999.png"
2026-04-05,14:31:35,Carrefour,Paris,carrefour_fr,Paris,14,2026,lessive,mdd,"liquide optimal clean 1.98l = 44 lavages; bidon",44.00,piece,4.99,EUR,https://www.carrefour.fr/p/lessive-optimal-clean-classique-carrefour-expert-3560071543914,,fr,"","C:\Users\emman\p_Claude\capstone\datacollection\Auchan\Carrefour\lessive_44.00piece\2026-04-05_14-31-22-827.png"
2026-04-05,14:35:15,Carrefour,Paris,carrefour_fr,Paris,14,2026,lessive,,"liquide sensitive savon de marseille 1.71l = 38 la",,g,10.39,EUR,none,,fr,"","C:\Users\emman\p_Claude\capstone\datacollection\Auchan\Carrefour\lessive\2026-04-05_14-35-43-071.png"
2026-04-05,15:48:39,Carrefour,Paris,carrefour_fr,Paris,14,2026,lessive,mdd,"liquide delicate laine et linge delicat 1.25l =25x",25.00,piece,2.59,EUR,https://www.carrefour.fr/p/lessive-liquide-laine-et-linge-delicat-liquide-laine-et-linge-delicat-carrefour-expert-3560071491000,,fr,"","C:\Users\emman\p_Claude\capstone\datacollection\Auchan\Carrefour\lessive_25.00piece\2026-04-05_15-48-30-003.png"
2026-04-05,15:55:56,Carrefour,Paris,carrefour_fr,Paris,14,2026,savon-solide,mdd,"marseille essential 2x 200g; film plastique",400.00,g,2.29,EUR,https://www.carrefour.fr/p/savon-solide-de-marseille-essential-carrefour-essential-3560071228408,,fr,"","C:\Users\emman\p_Claude\capstone\datacollection\Auchan\Carrefour\savon-solide\2026-04-05_15-57-56-012.png"
2026-04-05,16:02:53,Carrefour,Paris,carrefour_fr,Paris,14,2026,savon-liquide,mdd,"soft mains peche; flacon-pompe",500.00,mL,1.05,EUR,https://www.carrefour.fr/p/savon-liquide-mains-peche-carrefour-soft-3560071514228,,fr,"","C:\Users\emman\p_Claude\capstone\datacollection\Auchan\Carrefour\savon-liquide_500.00mL\2026-04-05_16-02-46-438.png"
2026-04-05,16:10:09,Carrefour,Paris,carrefour_fr,Paris,14,2026,savon-liquide,le-naturel,"extra pur de marseille; flacon",1.00,L,5.09,EUR,https://www.carrefour.fr/p/savon-liquide-extra-pur-de-marseille-le-naturel-3600551167091,,fr,"","C:\Users\emman\p_Claude\capstone\datacollection\Auchan\Carrefour\savon-liquide_1.00L\2026-04-05_16-10-02-622.png"
2026-04-05,17:05:55,Carrefour,Paris,carrefour_fr,Paris,14,2026,savon-solide,le-petit-marseillais,"mains & corps extra doux 4x100; film plastique",400.00,g,2.37,EUR,https://www.carrefour.fr/p/savon-solide-de-marseille-chevrefeuille-le-petit-marseillais-3574661680699,,fr,"","C:\Users\emman\p_Claude\capstone\datacollection\Auchan\Carrefour\savon-solide_400.00g\2026-04-05_17-05-48-421.png"
2026-04-05,17:09:36,Carrefour,Paris,carrefour_fr,Paris,14,2026,savon-solide,dove,"plain de toilette 4x 90mg; etui carton",360.00,g,4.35,EUR,https://www.carrefour.fr/p/savon-solide-creme-hydratante-dove-8720181481529,,fr,"","C:\Users\emman\p_Claude\capstone\datacollection\Auchan\Carrefour\savon-solide_360.00g\2026-04-05_17-09-30-664.png"
2026-04-05,17:14:44,Carrefour,Paris,carrefour_fr,Paris,14,2026,nettoyant-liquide,mdd,"menager multi-surfaces desinfectant",1.50,L,1.85,EUR,https://www.carrefour.fr/p/nettoyant-menager-multi-surfaces-desinfectant-eucalyptus-carrefour-expert-3560071508838,,fr,"","C:\Users\emman\p_Claude\capstone\datacollection\Auchan\Carrefour\nettoyant-liquide_1.50L\2026-04-05_17-14-38-019.png"
2026-04-05,17:17:04,Carrefour,Paris,carrefour_fr,Paris,14,2026,nettoyant-liquide,mr.-propre,"menager sol muti-usages citron d'ete; bidon",1.50,L,3.49,EUR,https://www.carrefour.fr/p/nettoyant-menager-sol-multi-usages-citron-d-ete-mr-propre-8700216668057,,fr,"","C:\Users\emman\p_Claude\capstone\datacollection\Auchan\Carrefour\nettoyant-liquide_1.50L\2026-04-05_17-16-55-939.png"
2026-04-05,17:25:03,Carrefour,Paris,carrefour_fr,Paris,14,2026,nettoyant-liquide,simpl,"multi-surfaces citron",2.00,L,1.39,EUR,https://www.carrefour.fr/p/nettoyant-menager-multi-surfaces-citron-simpl-3560071325435,,fr,"","C:\Users\emman\p_Claude\capstone\datacollection\Auchan\Carrefour\nettoyant-liquide_2.00L\2026-04-05_17-24-52-483.png"
2026-04-05,17:39:09,Carrefour,Paris,carrefour_fr,Paris,14,2026,papier-toilette,lotus,"confort doux et resistant 12x; rouleaux",12.00,piece,4.35,EUR,https://www.carrefour.fr/p/papier-toilette-doux-et-resistant-tube-jetable-fsc-confort-aqua-tube-lotus-7322540819342,,fr,"","C:\Users\emman\p_Claude\capstone\datacollection\Auchan\Carrefour\papier-toilette_12.00piece\2026-04-05_17-38-57-835.png"
2026-04-05,17:44:01,Carrefour,Paris,carrefour_fr,Paris,14,2026,papier-toilette,mdd,"confort doux 2f; rouleaux",12.00,piece,2.95,EUR,https://www.carrefour.fr/p/papier-toilette-confort-doux-carrefour-3560070332557,,fr,"","C:\Users\emman\p_Claude\capstone\datacollection\Auchan\Carrefour\papier-toilette_12.00piece\2026-04-05_17-43-51-101.png"
2026-04-05,17:57:35,Carrefour,Paris,carrefour_fr,Paris,14,2026,papier-toilette,,"ultra confort doux 3f 12x; rouleaux",,g,4.69,EUR,none,,fr,"","C:\Users\emman\p_Claude\capstone\datacollection\Auchan\Carrefour\papier-toilette\2026-04-05_18-00-35-184.png"
2026-04-05,22:35:25,Carrefour,Paris,carrefour_fr,Paris,14,2026,beurre,mdd,"moule demi-sel original; plaquete",500.00,g,4.99,EUR,https://www.carrefour.fr/p/beurre-moule-demi-sel-carrefour-original-3270190020561,,fr,"","C:\Users\emman\p_Claude\capstone\datacollection\Auchan\Carrefour\beurre\2026-04-05_22-44-16-255.png"
2026-04-05,22:42:11,Carrefour,Paris,carrefour_fr,Paris,14,2026,beurre,paysan-breton,"demi-sel; moule",500.00,g,6.39,EUR,https://www.carrefour.fr/p/beurre-demi-sel-moule-paysan-breton-3412290016055,,fr,"","C:\Users\emman\p_Claude\capstone\datacollection\Auchan\Carrefour\beurre_500.00g\2026-04-05_22-42-04-698.png"
2026-04-05,22:47:35,Carrefour,Paris,carrefour_fr,Paris,14,2026,creme,mdd,"entiere fraiche epaisse 30%; pot",50.00,cl,1.99,EUR,https://www.carrefour.fr/p/creme-fraiche-epaisse-entiere-carrefour-classic-3270190021001,,fr,"","C:\Users\emman\p_Claude\capstone\datacollection\Auchan\Carrefour\creme_50.00cl\2026-04-05_22-47-27-009.png"
2026-04-05,22:50:17,Carrefour,Paris,carrefour_fr,Paris,14,2026,creme,president,"entiere; fraiche epaisse 30%. pot",45.00,cl,2.49,EUR,https://www.carrefour.fr/p/creme-fraiche-epaisse-entiere-30-mg-president-3155251205548,,fr,"","C:\Users\emman\p_Claude\capstone\datacollection\Auchan\Carrefour\creme_45.00cl\2026-04-05_22-50-07-332.png"
2026-04-05,23:39:13,Carrefour,Paris,carrefour_fr,Paris,14,2026,biscuits,mdd,"petit beurre original 2 x12; etui en carton",200.00,g,0.99,EUR,https://www.carrefour.fr/p/biscuits-petit-beurre-original-carrefour-classic-3560071083021,,fr,"","C:\Users\emman\p_Claude\capstone\datacollection\Auchan\Carrefour\biscuits_200.00g\2026-04-05_23-39-00-409.png"
2026-04-05,23:43:09,Carrefour,Paris,carrefour_fr,Paris,14,2026,biscuits,mdd,"palets bretons au beurre original 8x 31.25g; paque",250.00,g,1.99,EUR,https://www.carrefour.fr/p/palets-bretons-au-beurre-carrefour-original-3560071210014,,fr,"","C:\Users\emman\p_Claude\capstone\datacollection\Auchan\Carrefour\biscuits_250.00g\2026-04-05_23-43-00-720.png"
2026-04-05,23:45:57,Carrefour,Paris,carrefour_fr,Paris,14,2026,biscuits,mdd,"galettes bretonnes original 2x125; paquet",250.00,g,1.55,EUR,https://www.carrefour.fr/p/biscuits-galettes-bretonnes-carrefour-original-3560070712212,,fr,"","C:\Users\emman\p_Claude\capstone\datacollection\Auchan\Carrefour\biscuits_250.00g\2026-04-05_23-45-48-169.png"
2026-04-05,23:53:14,Carrefour,Paris,carrefour_fr,Paris,14,2026,tomacouli,panzani,"nature; brique",500.00,g,1.05,EUR,https://www.carrefour.fr/p/puree-de-tomates-tomacouli-panzani-3038359008535,,fr,"","C:\Users\emman\p_Claude\capstone\datacollection\Auchan\Carrefour\tomacouli_500.00g\2026-04-05_23-53-04-896.png"
2026-04-05,23:57:53,Carrefour,Paris,carrefour_fr,Paris,14,2026,farine-de-ble,mdd,"t45 classic; sachet",1.00,kg,0.79,EUR,https://www.carrefour.fr/p/farine-de-ble-t45-carrefour-classic-3270190117308,,fr,"","C:\Users\emman\p_Claude\capstone\datacollection\Auchan\Carrefour\farine-de-ble_1.00kg\2026-04-05_23-57-45-385.png"
2026-04-05,23:59:36,Carrefour,Paris,carrefour_fr,Paris,14,2026,farine-de-ble,francine,"t45; sachet",1.00,kg,1.29,EUR,https://www.carrefour.fr/p/farine-de-ble-t45-francine-3068110702235,,fr,"","C:\Users\emman\p_Claude\capstone\datacollection\Auchan\Carrefour\farine-de-ble_1.00kg\2026-04-05_23-59-29-240.png"
2026-04-06,05:54:25,Carrefour,Paris,carrefour_fr,Paris,14,2026,huile,simpl,"de colza; bouteille",1.00,L,1.49,EUR,https://www.carrefour.fr/p/huile-de-colza-simpl-3560070340408,,fr,"","C:\Users\emman\p_Claude\capstone\datacollection\Auchan\Carrefour\huile_1.00L\2026-04-06_05-54-18-356.png"
2026-04-06,05:58:00,Carrefour,Paris,carrefour_fr,Paris,14,2026,huile,mdd,"d'olive vierge extra; bouteille",1.00,L,9.49,EUR,https://www.carrefour.fr/p/huile-d-olive-vierge-extra-carrefour-extra-3270190008262,,fr,"","C:\Users\emman\p_Claude\capstone\datacollection\Auchan\Carrefour\huile_1.00L\2026-04-06_05-57-50-681.png"
2026-04-06,06:03:21,Carrefour,Paris,carrefour_fr,Paris,14,2026,ketchup,simpl,"puree de tomates; flacon souple",560.00,g,0.99,EUR,https://www.carrefour.fr/p/ketchup-tomato-simpl-3560070993000,,fr,"","C:\Users\emman\p_Claude\capstone\datacollection\Auchan\Carrefour\ketchup\2026-04-06_06-05-05-437.png"
2026-04-06,06:12:28,Carrefour,Paris,carrefour_fr,Paris,14,2026,ketchup,heinz,"tomato; flacon souple",570.00,g,2.25,EUR,https://www.carrefour.fr/p/sauce-tomato-ketchup-heinz-8715700017006,,fr,"","C:\Users\emman\p_Claude\capstone\datacollection\Auchan\Carrefour\ketchup_570.00g\2026-04-06_06-12-17-247.png"
2026-04-06,06:59:37,Carrefour,Paris,carrefour_fr,Paris,14,2026,moutarde,amora,"de dijon fine & forte; bocal",430.00,g,1.79,EUR,https://www.carrefour.fr/p/moutarde-forte-amora-8720182460721,,fr,"","C:\Users\emman\p_Claude\capstone\datacollection\Auchan\Carrefour\moutarde_430.00g\2026-04-06_06-59-30-467.png"
2026-04-06,09:48:15,Carrefour,Paris,carrefour_fr,Paris,14,2026,moutarde,mdd,"de dijon fine et forte; flacon souple",265.00,g,1.49,EUR,https://www.carrefour.fr/p/moutarde-de-dijon-fine-et-forte-carrefour-classic-3560070368143,,fr,"","C:\Users\emman\p_Claude\capstone\datacollection\Auchan\Carrefour\moutarde_265.00g\2026-04-06_09-48-07-811.png"
2026-04-06,09:52:06,Carrefour,Paris,carrefour_fr,Paris,14,2026,fromage,president,"emmental rape fondant; sachet",200.00,g,2.15,EUR,https://www.carrefour.fr/p/fromage-emmental-rape-fondant-president-3228021170046,,fr,"","C:\Users\emman\p_Claude\capstone\datacollection\Auchan\Carrefour\fromage_200.00g\2026-04-06_09-51-55-846.png"
2026-04-06,09:57:41,Carrefour,Paris,carrefour_fr,Paris,14,2026,fromage,mdd,"emmental rape fondant maxi; sachet",500.00,g,3.99,EUR,https://www.carrefour.fr/p/emmental-rape-fondant-carrefour-classic-3270190207689,,fr,"","C:\Users\emman\p_Claude\capstone\datacollection\Auchan\Carrefour\fromage_500.00g\2026-04-06_09-57-28-823.png"
2026-04-06,10:05:36,Carrefour,Paris,carrefour_fr,Paris,14,2026,fromage,president,"camember; boite",250.00,g,1.95,EUR,https://www.carrefour.fr/p/fromage-camembert-president-3228021170039,,fr,"","C:\Users\emman\p_Claude\capstone\datacollection\Auchan\Carrefour\fromage_250.00g\2026-04-06_10-05-21-993.png"
2026-04-06,10:09:07,Carrefour,Paris,carrefour_fr,Paris,14,2026,fromage,mdd,"camembert onctueux classic; boite",250.00,g,1.59,EUR,https://www.carrefour.fr/p/camembert-carrefour-classic-3270190020165,,fr,"","C:\Users\emman\p_Claude\capstone\datacollection\Auchan\Carrefour\fromage_250.00g\2026-04-06_10-08-54-812.png"
2026-04-06,10:11:29,Carrefour,Paris,carrefour_fr,Paris,14,2026,fromage,mdd,"mimolette en tranches 10x; barquete",200.00,g,1.99,EUR,https://www.carrefour.fr/p/mimolette-en-tranches-carrefour-3560070100514,,fr,"","C:\Users\emman\p_Claude\capstone\datacollection\Auchan\Carrefour\fromage_200.00g\2026-04-06_10-11-19-300.png"
2026-04-06,10:32:16,Carrefour,Paris,carrefour_fr,Paris,14,2026,lait,entier,"mmd; briquet",1.00,L,1.12,EUR,https://www.carrefour.fr/p/lait-entier-uht-carrefour-classic-3560071457389,,fr,"","C:\Users\emman\p_Claude\capstone\datacollection\Auchan\Carrefour\lait_1.00L\2026-04-06_10-32-07-411.png"
2026-04-06,10:34:38,Carrefour,Paris,carrefour_fr,Paris,14,2026,lait,mdd,"entiere de montagne; bouteille",1.00,L,1.30,EUR,https://www.carrefour.fr/p/lait-entier-de-montagne-carrefour-extra-3270190207443,,fr,"","C:\Users\emman\p_Claude\capstone\datacollection\Auchan\Carrefour\lait_1.00L\2026-04-06_10-34-29-617.png"
2026-04-06,10:39:52,Carrefour,Paris,carrefour_fr,Paris,14,2026,lait,candia,"entier grandlait; bouteille",1.00,L,1.62,EUR,https://www.carrefour.fr/p/lait-entier-entier-grandlait-grandlait-3176571645005,,fr,"","C:\Users\emman\p_Claude\capstone\datacollection\Auchan\Carrefour\lait_1.00L\2026-04-06_10-39-44-704.png"
2026-04-06,12:05:05,Carrefour,Paris,carrefour_fr,Paris,14,2026,yaourt,mdd,"nature 8x 125mg pack; pot",1.00,kg,1.69,EUR,https://www.carrefour.fr/p/yaourts-brasse-nature-carrefour-classic-3270190023814,,fr,"","C:\Users\emman\p_Claude\capstone\datacollection\Auchan\Carrefour\yaourt_1.00kg\2026-04-06_12-04-56-419.png"
2026-04-06,12:08:41,Carrefour,Paris,carrefour_fr,Paris,14,2026,yaourt,mdd,"grec; pot",1.00,kg,4.99,EUR,https://www.carrefour.fr/p/yaourts-a-la-grecque-grec-carrefour-original-3560071411220,,fr,"","C:\Users\emman\p_Claude\capstone\datacollection\Auchan\Carrefour\yaourt_1.00kg\2026-04-06_12-08-34-020.png"
2026-04-06,12:19:12,Carrefour,Paris,carrefour_fr,Paris,14,2026,dentifrice,signal,"integral complet; tube",75.00,ml,2.49,EUR,https://www.carrefour.fr/p/dentifrice-integral-8-complet-effet-prebiotique-signal-8720181416316,,fr,"","C:\Users\emman\p_Claude\capstone\datacollection\Auchan\Carrefour\dentifrice_75.00cl\2026-04-06_12-19-05-249.png"
2026-04-06,13:18:19,Carrefour,Paris,carrefour_fr,Paris,14,2026,dentifrice,mdd,"complet soft expert 8; tube",75.00,ml,0.75,EUR,https://www.carrefour.fr/p/dentifrice-complet-carrefour-soft-3560071176204,,fr,"","C:\Users\emman\p_Claude\capstone\datacollection\Auchan\Carrefour\dentifrice_75.00cl\2026-04-06_13-18-10-282.png"
2026-04-06,13:28:12,Carrefour,Paris,carrefour_fr,Paris,14,2026,dentifrice,mdd,"enfant 3-6 ans fraise; tube",50.00,ml,0.99,EUR,https://www.carrefour.fr/p/dentifrice-enfant-3-6-ans-fraise-carrefour-soft-3560071551179,,fr,"","C:\Users\emman\p_Claude\capstone\datacollection\Auchan\Carrefour\dentifrice\2026-04-06_13-29-26-598.png"
2026-04-06,13:47:34,Carrefour,Paris,carrefour_fr,Paris,15,2026,jambon,mdd,"le paris etouffee 10x; barquette",400.00,g,4.05,EUR,https://www.carrefour.fr/p/jambon-le-paris-cuit-a-l-etouffee-carrefour-classic-3560071096311,,fr,"","C:\Users\emman\p_Claude\capstone\datacollection\Auchan\Auchan\jambon_400.00g\2026-04-06_13-47-24-656.png"
2026-04-06,13:49:53,Carrefour,Paris,carrefour_fr,Paris,15,2026,jambon,herta,"le bon paris etouffe 10x; barquette",425.00,g,4.89,EUR,https://www.carrefour.fr/p/jambon-a-l-etouffe-le-bon-paris-herta-3154230809456,,fr,"","C:\Users\emman\p_Claude\capstone\datacollection\Auchan\Auchan\jambon_425.00g\2026-04-06_13-49-39-145.png"
2026-04-06,14:01:50,Carrefour,Paris,carrefour_fr,Paris,15,2026,oeufs,mdd,"de poules frais rouge plein air 12x; boite",12.00,piece,3.65,EUR,https://www.carrefour.fr/p/oeufs-frais-label-rouge-plein-air-carrefour-original-3560070773275,,fr,"","C:\Users\emman\p_Claude\capstone\datacollection\Auchan\Auchan\oeufs_12.00piece\2026-04-06_14-01-15-686.png"
2026-04-06,14:04:30,Carrefour,Paris,carrefour_fr,Paris,15,2026,oeufs,lustucru,"de poules rouges plain air; boite",12.00,piece,4.49,EUR,https://www.carrefour.fr/p/oeufs-gros-plein-air-lustucru-3700864017127,,fr,"","C:\Users\emman\p_Claude\capstone\datacollection\Auchan\Auchan\oeufs_12.00piece\2026-04-06_14-04-22-283.png"
2026-04-06,21:53:21,Carrefour,Paris,carrefour_fr,Paris,14,2026,poitrine,mdd,"fumee tranches 10x; barquette",140.00,g,2.29,EUR,https://www.carrefour.fr/p/poitrine-fumee-tranches-fines-carrefour-classic-3560071154288,,fr,"","C:\Users\emman\p_Claude\capstone\datacollection\Auchan\Carrefour\poitrine\2026-04-06_21-53-43-937.png"
2026-04-06,22:01:40,Carrefour,Paris,carrefour_fr,Paris,14,2026,poitrine,herta,"fumees fines tranches 14x",200.00,g,3.65,EUR,https://www.carrefour.fr/p/poitrine-fumee-fines-tranches-herta-7613034423290,,fr,"","C:\Users\emman\p_Claude\capstone\datacollection\Auchan\Carrefour\poitrine_200.00g\2026-04-06_22-01-30-175.png"
2026-04-06,22:05:35,Carrefour,Paris,carrefour_fr,Paris,14,2026,porc,mdd,"filiere sans os a rotir; barquette",800.00,g,7.99,EUR,https://www.carrefour.fr/p/filet-de-porc-sans-os-a-rotir-filiere-qualite-carrefour-3276559975343,,fr,"","C:\Users\emman\p_Claude\capstone\datacollection\Auchan\Carrefour\porc\2026-04-06_22-06-16-081.png"
2026-04-06,22:09:31,Carrefour,Paris,carrefour_fr,Paris,14,2026,poulet,mdd,"filets; barquette",1.00,kg,10.99,EUR,https://www.carrefour.fr/p/filets-de-poulet-5413458017578,,fr,"","C:\Users\emman\p_Claude\capstone\datacollection\Auchan\Carrefour\poulet_1.00kg\2026-04-06_22-09-24-411.png"
2026-04-06,22:11:26,Carrefour,Paris,carrefour_fr,Paris,14,2026,poulet,duc,"filets; barquete",1.00,kg,11.25,EUR,https://www.carrefour.fr/p/filets-de-poulet-duc-3531940160006,,fr,"","C:\Users\emman\p_Claude\capstone\datacollection\Auchan\Carrefour\poulet_1.00kg\2026-04-06_22-11-20-296.png"
2026-04-06,22:16:29,Auchan,Paris,auchan_fr,Paris,15,2026,sardines,mdd,"a l'huile d'olive classic; boite",135.00,g,1.39,EUR,https://www.carrefour.fr/p/sardines-a-l-huile-d-olive-vierge-extra-carrefour-classic-3560071544003,,fr,"","C:\Users\emman\p_Claude\capstone\datacollection\Auchan\Auchan\sardines_135.00g\2026-04-06_22-16-23-218.png"
2026-04-06,22:21:10,Auchan,Paris,auchan_fr,Paris,15,2026,saucisse,herta,"100% pur porc 10x; paquet",350.00,g,1.85,EUR,https://www.carrefour.fr/p/saucisses-100-pur-porc-herta-knacki-3154230801368,,fr,"","C:\Users\emman\p_Claude\capstone\datacollection\Auchan\Auchan\saucisse_350.00g\2026-04-06_22-20-58-071.png"
2026-04-06,22:23:24,Auchan,Paris,auchan_fr,Paris,15,2026,thon,mdd,"entier albacore naturel; boite",280.00,g,3.95,EUR,https://www.carrefour.fr/p/thon-entier-albacore-au-naturel-carrefour-classic-3560070808762,,fr,"","C:\Users\emman\p_Claude\capstone\datacollection\Auchan\Auchan\thon_280.00g\2026-04-06_22-23-15-435.png"
2026-04-06,22:25:22,Auchan,Paris,auchan_fr,Paris,15,2026,thon,petit-navire,"entier naturel; boite",280.00,g,4.85,EUR,https://www.carrefour.fr/p/thon-entier-albacore-au-naturel-petit-navire-3019081239879,,fr,"","C:\Users\emman\p_Claude\capstone\datacollection\Auchan\Auchan\thon_280.00g\2026-04-06_22-25-14-259.png"
2026-04-06,22:30:03,Auchan,Paris,auchan_fr,Paris,15,2026,viande-bovine,mdd,"bourguignon a mijoter; barquette",950.00,g,13.67,EUR,https://www.carrefour.fr/p/viande-bovine-bourguignon-a-mijoter-3276550964971,,fr,"","C:\Users\emman\p_Claude\capstone\datacollection\Auchan\Auchan\viande-bovine_950.00g\2026-04-06_22-29-56-921.png"
2026-04-06,22:31:43,Auchan,Paris,auchan_fr,Paris,15,2026,viande-bovine,mdd,"steajs a griller; barquette",700.00,g,13.85,EUR,https://www.carrefour.fr/p/viande-bovine-steaks-a-griller-3276551165834,,fr,"","C:\Users\emman\p_Claude\capstone\datacollection\Auchan\Auchan\viande-bovine_700.00g\2026-04-06_22-31-36-740.png"
2026-04-06,22:39:30,Auchan,Paris,auchan_fr,Paris,15,2026,viande-bovine,mdd,"hachee extra 15% mg; paquet",400.00,g,5.99,EUR,https://www.carrefour.fr/p/viande-hachee-pur-boeuf-15-mg-carrefour-extra-3560070714568,,fr,"","C:\Users\emman\p_Claude\capstone\datacollection\Auchan\Auchan\viande-bovine_400.00g\2026-04-06_22-39-22-888.png"
2026-04-06,22:41:57,Auchan,Paris,auchan_fr,Paris,15,2026,sauce-tomate,mdd,"basilic classic; bocal",420.00,g,1.19,EUR,https://www.carrefour.fr/p/sauce-tomates-basilic-carrefour-classic-3560070669905,,fr,"","C:\Users\emman\p_Claude\capstone\datacollection\Auchan\Auchan\sauce-tomate_420.00g\2026-04-06_22-41-51-470.png"
2026-04-06,22:44:24,Auchan,Paris,auchan_fr,Paris,15,2026,sel-de-mer,la-baleine,"fin iode et fluore; versoir",550.00,g,0.92,EUR,https://www.carrefour.fr/p/sel-fin-iode-et-fluore-la-baleine-3183280017337,,fr,"","C:\Users\emman\p_Claude\capstone\datacollection\Auchan\Auchan\sel-de-mer_550.00g\2026-04-06_22-44-15-867.png"
2026-04-06,22:46:14,Auchan,Paris,auchan_fr,Paris,15,2026,vinaigre,mdd,"vin rouge classic; bouteille",75.00,cl,1.09,EUR,https://www.carrefour.fr/p/vinaigre-de-vin-rouge-carrefour-classic-3270190006763,,fr,"","C:\Users\emman\p_Claude\capstone\datacollection\Auchan\Auchan\vinaigre\2026-04-06_22-46-59-502.png"
